{
  "metadata": {
    "created_at": "2025-12-17T00:27:40.453451",
    "model": "SINKT",
    "num_epochs_trained": 34,
    "best_val_auc": 0.7999046824734898,
    "device": "cuda"
  },
  "config": {
    "text_embed_dim": 384,
    "hidden_dim": 128,
    "gat_heads": 4,
    "gat_layers": 2,
    "gru_layers": 2,
    "dropout": 0.3,
    "learning_rate": 0.001,
    "batch_size": 32,
    "num_epochs": 50,
    "early_stopping_patience": 10,
    "train_split": 0.7,
    "val_split": 0.15,
    "test_split": 0.15,
    "plm_model": "sentence-transformers/all-MiniLM-L6-v2",
    "use_time_features": false
  },
  "data_split": {
    "train_students": 70,
    "val_students": 15,
    "test_students": 15,
    "train_sequences": 70,
    "val_sequences": 15,
    "test_sequences": 15
  },
  "test_metrics": {
    "loss": 0.491292804479599,
    "auc": 0.8217963386727689,
    "accuracy": 0.7869127516778524,
    "f1_score": 0.735966735966736,
    "precision": 0.6996047430830039,
    "recall": 0.7763157894736842
  },
  "training_history": {
    "train_loss": [
      0.6777659058570862,
      0.6452921827634176,
      0.578678677479426,
      0.580511470635732,
      0.5326696137587229,
      0.49677493174870807,
      0.5033265749613444,
      0.4602196117242177,
      0.47026798129081726,
      0.49142445127169293,
      0.47176339228947956,
      0.45625526706377667,
      0.48401779929796857,
      0.4995306730270386,
      0.4487352172533671,
      0.4613032042980194,
      0.4619363645712535,
      0.4929843346277873,
      0.47266905506451923,
      0.47772132356961566,
      0.4833456178506215,
      0.472083439429601,
      0.4392176667849223,
      0.45845964550971985,
      0.4706735908985138,
      0.4433311919371287,
      0.45916404326756793,
      0.4741964439551036,
      0.45598070820172626,
      0.45514704783757526,
      0.4399593373139699,
      0.46564651528994244,
      0.4775266647338867,
      0.45018190145492554
    ],
    "val_loss": [
      0.7000242471694946,
      0.7000983357429504,
      0.6500028371810913,
      0.5952786207199097,
      0.5728244185447693,
      0.5414273738861084,
      0.5256816148757935,
      0.5220799446105957,
      0.5227378010749817,
      0.5211305022239685,
      0.5215047597885132,
      0.5253275036811829,
      0.5258617401123047,
      0.5220500826835632,
      0.5186943411827087,
      0.5181083083152771,
      0.5196917057037354,
      0.5203108191490173,
      0.5189013481140137,
      0.5189480185508728,
      0.5218993425369263,
      0.5244840383529663,
      0.525887131690979,
      0.5275442600250244,
      0.5231813788414001,
      0.5231485962867737,
      0.5255376696586609,
      0.5217418670654297,
      0.5214267373085022,
      0.5231422781944275,
      0.5310541987419128,
      0.5295766592025757,
      0.5248931646347046,
      0.5274668335914612
    ],
    "val_auc": [
      0.7608959847491957,
      0.783089082171651,
      0.7880614798045991,
      0.7907383136740934,
      0.794153858374042,
      0.7965844553000516,
      0.7966797728265618,
      0.7963064458477301,
      0.7962031851940109,
      0.7957424838158784,
      0.7953214980737916,
      0.7949878867310058,
      0.7956868819254141,
      0.7968862941340005,
      0.7977838675086382,
      0.7979745025616586,
      0.7976964931093371,
      0.7976488343460821,
      0.7979665594344494,
      0.7987767584097859,
      0.7985861233567656,
      0.7981413082330514,
      0.7986258389928116,
      0.7999046824734898,
      0.7988800190635054,
      0.7976647206005004,
      0.7971404742046944,
      0.7975932324556176,
      0.7975058580563168,
      0.7955518487628578,
      0.7931133087096388,
      0.7922077922077922,
      0.7907700861829302,
      0.791413479486874
    ],
    "val_acc": [
      0.4592696629213483,
      0.4592696629213483,
      0.4592696629213483,
      0.773876404494382,
      0.7612359550561798,
      0.7682584269662921,
      0.7710674157303371,
      0.7724719101123596,
      0.773876404494382,
      0.7724719101123596,
      0.7724719101123596,
      0.773876404494382,
      0.7710674157303371,
      0.7710674157303371,
      0.7752808988764045,
      0.773876404494382,
      0.7752808988764045,
      0.776685393258427,
      0.7752808988764045,
      0.7710674157303371,
      0.7668539325842697,
      0.7710674157303371,
      0.7696629213483146,
      0.7724719101123596,
      0.7752808988764045,
      0.7752808988764045,
      0.7752808988764045,
      0.776685393258427,
      0.776685393258427,
      0.776685393258427,
      0.7724719101123596,
      0.773876404494382,
      0.7794943820224719,
      0.7794943820224719
    ],
    "val_f1": [
      0.0,
      0.0,
      0.0,
      0.7990012484394506,
      0.804147465437788,
      0.8074679113185531,
      0.8038507821901324,
      0.800982800982801,
      0.8014796547472256,
      0.7995049504950495,
      0.7995049504950495,
      0.8004956629491945,
      0.7995079950799509,
      0.8014616321559074,
      0.8058252427184466,
      0.8048484848484848,
      0.8048780487804879,
      0.8058608058608059,
      0.805352798053528,
      0.8019441069258809,
      0.7965686274509803,
      0.8,
      0.7985257985257985,
      0.802439024390244,
      0.8058252427184466,
      0.8048780487804879,
      0.803921568627451,
      0.8063337393422655,
      0.8077388149939541,
      0.8063337393422655,
      0.800982800982801,
      0.8024539877300614,
      0.8092345078979344,
      0.8096969696969697
    ]
  }
}