{
  "metadata": {
    "description": "Relatório de análise estatística das interações SINKT",
    "version": "2.0.0",
    "created_at": "2025-12-14T21:38:47.735656",
    "total_profiles": 6,
    "total_students": 100,
    "total_interactions": 4450
  },
  "general_statistics": {
    "total_interactions": 4450,
    "correct_interactions": 1975,
    "incorrect_interactions": 2475,
    "accuracy": 0.4438202247191011,
    "time_statistics": {
      "mean": 157.6647191011236,
      "median": 159.0,
      "std": 81.9074755624356,
      "min": 15,
      "max": 299,
      "q25": 87.0,
      "q75": 228.0
    },
    "mastery_statistics": {
      "mean": 0.5493674382022472,
      "median": 0.54775,
      "std": 0.136571846006971,
      "min": 0.2082,
      "max": 0.9053,
      "q25": 0.4702,
      "q75": 0.627575
    },
    "interactions_per_student": {
      "mean": 44.5,
      "median": 44.0,
      "std": 9.138380600522174,
      "min": 30,
      "max": 60
    }
  },
  "error_analysis": {
    "total_errors": 2475,
    "error_distribution": {
      "misconception": {
        "count": 490,
        "percentage": 19.7979797979798
      },
      "slip": {
        "count": 513,
        "percentage": 20.727272727272727
      },
      "careless": {
        "count": 462,
        "percentage": 18.666666666666668
      },
      "misunderstanding": {
        "count": 513,
        "percentage": 20.727272727272727
      },
      "incomplete": {
        "count": 497,
        "percentage": 20.08080808080808
      }
    },
    "error_types": [
      "misconception",
      "slip",
      "careless",
      "misunderstanding",
      "incomplete"
    ]
  },
  "profile_performance": {
    "balanced": {
      "num_students": 30,
      "accuracy": {
        "mean": 0.4601822389137044,
        "std": 0.07533341941609346,
        "min": 0.2777777777777778,
        "max": 0.5964912280701754
      },
      "mastery": {
        "mean": 0.5825580330896113,
        "std": 0.04906706151498563
      },
      "time": {
        "mean": 158.51257518141128,
        "std": 8.813445778455097
      }
    },
    "quick_learner": {
      "num_students": 20,
      "accuracy": {
        "mean": 0.5567006402603847,
        "std": 0.08536455597172961,
        "min": 0.375,
        "max": 0.6938775510204082
      },
      "mastery": {
        "mean": 0.7339321958095282,
        "std": 0.062480238131367445
      },
      "time": {
        "mean": 158.20256527067522,
        "std": 8.484390807508841
      }
    },
    "careful": {
      "num_students": 20,
      "accuracy": {
        "mean": 0.40886451971282456,
        "std": 0.08634003305343968,
        "min": 0.20588235294117646,
        "max": 0.5294117647058824
      },
      "mastery": {
        "mean": 0.4985900783334401,
        "std": 0.05160478877938635
      },
      "time": {
        "mean": 156.98447341249403,
        "std": 11.702134366090654
      }
    },
    "struggling": {
      "num_students": 10,
      "accuracy": {
        "mean": 0.30771578278492406,
        "std": 0.06992473169083743,
        "min": 0.19230769230769232,
        "max": 0.40540540540540543
      },
      "mastery": {
        "mean": 0.2932671857219963,
        "std": 0.0368144287660241
      },
      "time": {
        "mean": 158.50747778196143,
        "std": 11.258197488328209
      }
    },
    "logical": {
      "num_students": 10,
      "accuracy": {
        "mean": 0.4282753616209499,
        "std": 0.06551201411959641,
        "min": 0.28125,
        "max": 0.5454545454545454
      },
      "mastery": {
        "mean": 0.5327991351381461,
        "std": 0.05360387777782332
      },
      "time": {
        "mean": 153.47733369843667,
        "std": 9.389733968911411
      }
    },
    "intuitive": {
      "num_students": 10,
      "accuracy": {
        "mean": 0.4048438728401947,
        "std": 0.058559707574470786,
        "min": 0.3333333333333333,
        "max": 0.5319148936170213
      },
      "mastery": {
        "mean": 0.48038910830344717,
        "std": 0.031022528771785237
      },
      "time": {
        "mean": 159.72422407469702,
        "std": 6.425588555867889
      }
    }
  },
  "learning_patterns": {
    "total_students_analyzed": 100,
    "monotonic_increasing": {
      "count": 81,
      "percentage": 81.0
    },
    "monotonic_decreasing": {
      "count": 19,
      "percentage": 19.0
    },
    "fluctuating": {
      "count": 0,
      "percentage": 0.0
    }
  },
  "parameter_correlations": {
    "correlations": {
      "mastery_init": {
        "correlation_with_accuracy": 0.73,
        "correlation_with_mastery": 0.956
      },
      "tech_familiarity": {
        "correlation_with_accuracy": 0.617,
        "correlation_with_mastery": 0.857
      },
      "learn_rate": {
        "correlation_with_accuracy": 0.585,
        "correlation_with_mastery": 0.785
      },
      "logic_skill": {
        "correlation_with_accuracy": 0.458,
        "correlation_with_mastery": 0.633
      },
      "guess": {
        "correlation_with_accuracy": -0.208,
        "correlation_with_mastery": -0.367
      },
      "reading_skill": {
        "correlation_with_accuracy": 0.196,
        "correlation_with_mastery": 0.258
      },
      "slip": {
        "correlation_with_accuracy": -0.025,
        "correlation_with_mastery": -0.119
      }
    },
    "top_3_factors": [
      "mastery_init",
      "tech_familiarity",
      "learn_rate"
    ]
  },
  "summary": {
    "data_quality": "ALTA",
    "learning_pattern_quality": "EXCELENTE",
    "profile_differentiation": "CLARA"
  }
}